{"name":"build-javascript","namedChunkGroups":{"app":{"name":"app","assets":[{"name":"webpack-runtime-7328d11ff03fd6992260.js","size":4394},{"name":"framework-72b601a93f8f32f752c3.js","size":140767},{"name":"styles.613620a0d2734d03be07.css","size":12755},{"name":"app-6a5231bb29465a2e07ed.js","size":190986}],"filteredAssets":0,"assetsSize":348902,"filteredAuxiliaryAssets":3,"auxiliaryAssetsSize":1085029},"component---src-pages-404-js":{"name":"component---src-pages-404-js","assets":[{"name":"component---src-pages-404-js-f2e6a3a2c004685429aa.js","size":1172}],"filteredAssets":0,"assetsSize":1172,"filteredAuxiliaryAssets":1,"auxiliaryAssetsSize":1678},"component---src-pages-contact-index-js":{"name":"component---src-pages-contact-index-js","assets":[{"name":"35021f894aa9442a49fdf40a79247c8c2f55311b-86b1578ee0a1b04f637e.js","size":11468},{"name":"component---src-pages-contact-index-js-89e0fbbbf1747eb68c4f.js","size":3833}],"filteredAssets":0,"assetsSize":15301,"filteredAuxiliaryAssets":2,"auxiliaryAssetsSize":74554},"component---src-pages-gallery-index-js":{"name":"component---src-pages-gallery-index-js","assets":[{"name":"35021f894aa9442a49fdf40a79247c8c2f55311b-86b1578ee0a1b04f637e.js","size":11468},{"name":"component---src-pages-gallery-index-js-a84d8d2dccccd98d5890.js","size":4693}],"filteredAssets":0,"assetsSize":16161,"filteredAuxiliaryAssets":2,"auxiliaryAssetsSize":99040},"component---src-pages-hostel-index-js":{"name":"component---src-pages-hostel-index-js","assets":[{"name":"35021f894aa9442a49fdf40a79247c8c2f55311b-86b1578ee0a1b04f637e.js","size":11468},{"name":"component---src-pages-hostel-index-js-d789b603193035cedcac.js","size":1162}],"filteredAssets":0,"assetsSize":12630,"filteredAuxiliaryAssets":2,"auxiliaryAssetsSize":74714},"component---src-pages-index-js":{"name":"component---src-pages-index-js","assets":[{"name":"35021f894aa9442a49fdf40a79247c8c2f55311b-86b1578ee0a1b04f637e.js","size":11468},{"name":"component---src-pages-index-js-7a317fe7585c78fd3ac5.js","size":8961}],"filteredAssets":0,"assetsSize":20429,"filteredAuxiliaryAssets":2,"auxiliaryAssetsSize":78288}},"assetsByChunkName":{"app":["webpack-runtime-7328d11ff03fd6992260.js","framework-72b601a93f8f32f752c3.js","styles.613620a0d2734d03be07.css","app-6a5231bb29465a2e07ed.js"],"component---src-pages-404-js":["component---src-pages-404-js-f2e6a3a2c004685429aa.js"],"component---src-pages-contact-index-js":["35021f894aa9442a49fdf40a79247c8c2f55311b-86b1578ee0a1b04f637e.js","component---src-pages-contact-index-js-89e0fbbbf1747eb68c4f.js"],"component---src-pages-gallery-index-js":["35021f894aa9442a49fdf40a79247c8c2f55311b-86b1578ee0a1b04f637e.js","component---src-pages-gallery-index-js-a84d8d2dccccd98d5890.js"],"component---src-pages-hostel-index-js":["35021f894aa9442a49fdf40a79247c8c2f55311b-86b1578ee0a1b04f637e.js","component---src-pages-hostel-index-js-d789b603193035cedcac.js"],"component---src-pages-index-js":["35021f894aa9442a49fdf40a79247c8c2f55311b-86b1578ee0a1b04f637e.js","component---src-pages-index-js-7a317fe7585c78fd3ac5.js"]},"childAssetsByChunkName":{}}